{
  "source_frames": 792,
  "c0_bones": 163,
  "vertices": 14517,
  "min_determinant": 0.999995947,
  "max_determinant": 1.000001192,
  "min_axis_scale": 0.999992669,
  "max_axis_scale": 1.000007153,
  "max_local_length_error_m": 0.000000000,
  "max_source_length_error_m": 0.000000179,
  "max_height_pump_m": 0.257441044,
  "max_width_pump_m": 0.593211651
}
