{
  "schema_version": 1,
  "asset_id": "w0_sword_assembled_001",
  "source_hashes": {
    "blade": "54b982848c79c6a9a43d1cc5a125d66bf99d496ff012167a4f5feccfbe8825f2",
    "guard": "7f9b063789de67683fc29f8bc5fe1baa9852fc5342231f67c672b66de3800059",
    "pommel": "661f53c1092a94d7d3a19836f13e777a809cbf3b954b48bb59fc41576010487d"
  },
  "dimensions_m": {
    "min": [
      -0.14000000059604645,
      -0.02500000037252903,
      -0.35199999809265137
    ],
    "max": [
      0.14000000059604645,
      0.02500000037252903,
      1.1978248357772827
    ],
    "size": [
      0.2800000011920929,
      0.05000000074505806,
      1.549824833869934
    ]
  },
  "components": {
    "BladeAndTang": {
      "vertices": 11425,
      "polygons": 22846,
      "boundary_edges": 0,
      "nonmanifold_edges": 0,
      "connected_components": 1,
      "min": [
        -0.026000000536441803,
        -0.003000000026077032,
        -0.2771751284599304
      ],
      "max": [
        0.026000000536441803,
        0.003000000026077032,
        1.1978248357772827
      ],
      "size": [
        0.052000001072883606,
        0.006000000052154064,
        1.4749999642372131
      ]
    },
    "GripCore": {
      "vertices": 200,
      "polygons": 104,
      "boundary_edges": 0,
      "nonmanifold_edges": 0,
      "connected_components": 1,
      "min": [
        -0.020999999716877937,
        -0.01600000075995922,
        -0.26999998092651367
      ],
      "max": [
        0.020999999716877937,
        0.01600000075995922,
        -0.024999991059303284
      ],
      "size": [
        0.041999999433755875,
        0.03200000151991844,
        0.2449999898672104
      ]
    },
    "GripWrap": {
      "vertices": 7790,
      "polygons": 7800,
      "boundary_edges": 0,
      "nonmanifold_edges": 0,
      "connected_components": 1,
      "min": [
        -0.02384999953210354,
        -0.018850000575184822,
        -0.2715287208557129
      ],
      "max": [
        0.02384999953210354,
        0.018850000575184822,
        -0.023471280932426453
      ],
      "size": [
        0.04769999906420708,
        0.037700001150369644,
        0.24805743992328644
      ]
    },
    "Guard": {
      "vertices": 11957,
      "polygons": 23922,
      "boundary_edges": 0,
      "nonmanifold_edges": 0,
      "connected_components": 1,
      "min": [
        -0.14000000059604645,
        -0.014999999664723873,
        -0.014750000089406967
      ],
      "max": [
        0.14000000059604645,
        0.014999999664723873,
        0.002749999985098839
      ],
      "size": [
        0.2800000011920929,
        0.029999999329447746,
        0.017500000074505806
      ]
    },
    "LowerCollar": {
      "vertices": 200,
      "polygons": 104,
      "boundary_edges": 0,
      "nonmanifold_edges": 0,
      "connected_components": 1,
      "min": [
        -0.024000000208616257,
        -0.01899999938905239,
        -0.28025001287460327
      ],
      "max": [
        0.024000000208616257,
        0.01899999938905239,
        -0.2697499990463257
      ],
      "size": [
        0.04800000041723251,
        0.03799999877810478,
        0.010500013828277588
      ]
    },
    "Peen": {
      "vertices": 128,
      "polygons": 66,
      "boundary_edges": 0,
      "nonmanifold_edges": 0,
      "connected_components": 1,
      "min": [
        -0.007000000216066837,
        -0.006000000052154064,
        -0.35199999809265137
      ],
      "max": [
        0.007000000216066837,
        0.006000000052154064,
        -0.34200000762939453
      ],
      "size": [
        0.014000000432133675,
        0.012000000104308128,
        0.009999990463256836
      ]
    },
    "Pommel": {
      "vertices": 53305,
      "polygons": 105595,
      "boundary_edges": 0,
      "nonmanifold_edges": 0,
      "connected_components": 1,
      "min": [
        -0.03500000014901161,
        -0.02500000037252903,
        -0.3400000035762787
      ],
      "max": [
        0.03500000014901161,
        0.02500000037252903,
        -0.2800000011920929
      ],
      "size": [
        0.07000000029802322,
        0.05000000074505806,
        0.06000000238418579
      ]
    },
    "TangExtension": {
      "vertices": 8,
      "polygons": 6,
      "boundary_edges": 0,
      "nonmanifold_edges": 0,
      "connected_components": 1,
      "min": [
        -0.013000000268220901,
        -0.003000000026077032,
        -0.34800001978874207
      ],
      "max": [
        0.013000000268220901,
        0.003000000026077032,
        -0.26600000262260437
      ],
      "size": [
        0.026000000536441803,
        0.006000000052154064,
        0.0820000171661377
      ]
    },
    "UpperCollar": {
      "vertices": 200,
      "polygons": 104,
      "boundary_edges": 0,
      "nonmanifold_edges": 0,
      "connected_components": 1,
      "min": [
        -0.024000000208616257,
        -0.01899999938905239,
        -0.0251499991863966
      ],
      "max": [
        0.024000000208616257,
        0.01899999938905239,
        -0.014650000259280205
      ],
      "size": [
        0.04800000041723251,
        0.03799999877810478,
        0.010499998927116394
      ]
    }
  },
  "artifacts": {
    "blend": {
      "path": "/run/media/vdubrov/Bulk-SSD/Just Dodge/assets/source/meshy/w0_sword/assembled_001/w0_sword_assembled.blend",
      "sha256": "b37ff207ace1b80e267b1247ac6ef856ce1361a831065425ab668f9c20a5a272",
      "bytes": 14004684
    },
    "fbx": {
      "path": "/run/media/vdubrov/Bulk-SSD/Just Dodge/assets/source/meshy/w0_sword/assembled_001/model.fbx",
      "sha256": "01705aabb18c55686e701eeb0d57db30aba3021a8d05514834993a5fef723cba",
      "bytes": 6115596
    },
    "glb": {
      "path": "/run/media/vdubrov/Bulk-SSD/Just Dodge/assets/source/meshy/w0_sword/assembled_001/model.glb",
      "sha256": "5ab0ba05dc321fc759c4ea02100ec843d85cd5b36faa1fb1a0a3ef46252053e4",
      "bytes": 10353976
    }
  }
}
