{
  "source": "assets/source/meshy/c0_base_fighter/retopo_001/model.fbx",
  "mesh_objects": [
    {
      "name": "C0_Retopo",
      "vertices": 146356,
      "edges": 436699,
      "polygons": 290325,
      "materials": [
        "OuterBodyNeutral.001"
      ],
      "boundary_edges": 0,
      "nonmanifold_edges": 0,
      "loose_vertices": 0,
      "vertex_groups": 0,
      "shape_keys": 0
    }
  ],
  "armatures": [],
  "bbox_min": [
    -0.8949965834617615,
    -0.1380157172679901,
    3.3687442169139103e-07
  ],
  "bbox_max": [
    0.8949965834617615,
    0.15598849952220917,
    1.7999999523162842
  ],
  "bbox_size": [
    1.789993166923523,
    0.2940042018890381,
    1.7999995946884155
  ],
  "totals": {
    "vertices": 146356,
    "polygons": 290325,
    "mesh_objects": 1,
    "armatures": 0
  }
}