{
  "schema_version": 1,
  "asset_id": "c0_base_fighter_assembled_001",
  "source_hashes": {
    "body": "00340dac5eeb68b73c61018c8bcebbdf8ad5efa0523cae6787a50739a1ed9a18",
    "hand": "61c91cac4d156496dc13028c67af0032674c1324db674bd70f0d5c9028529123",
    "foot": "c179062eb3a0b722a8cd898216c39a009e983027826af744df35e7c573fa96ef"
  },
  "interfaces": {
    "wrist_y": 0.030304105952382088,
    "wrist_z": 1.390073537826538,
    "ankle_x": 0.15894106775522232
  },
  "dimensions_m": {
    "min": [
      -0.8949999809265137,
      -0.1899999976158142,
      0.0
    ],
    "max": [
      0.8949999809265137,
      0.148886039853096,
      1.7999999523162842
    ],
    "size": [
      1.7899999618530273,
      0.3388860374689102,
      1.7999999523162842
    ]
  },
  "components": {
    "BodyCore": {
      "vertices": 40794,
      "polygons": 80881,
      "boundary_edges": 0,
      "nonmanifold_edges": 0,
      "connected_components": 1,
      "min": [
        -0.7200000286102295,
        -0.1380157172679901,
        0.12000000476837158
      ],
      "max": [
        0.7200000286102295,
        0.148886039853096,
        1.7999999523162842
      ],
      "size": [
        1.440000057220459,
        0.2869017571210861,
        1.6799999475479126
      ]
    },
    "Hand_Right": {
      "vertices": 95898,
      "polygons": 191792,
      "boundary_edges": 0,
      "nonmanifold_edges": 0,
      "connected_components": 1,
      "min": [
        0.7049999833106995,
        0.012804105877876282,
        1.3450735807418823
      ],
      "max": [
        0.8949999809265137,
        0.047804106026887894,
        1.4350734949111938
      ],
      "size": [
        0.1899999976158142,
        0.03500000014901161,
        0.08999991416931152
      ]
    },
    "Hand_Left": {
      "vertices": 95898,
      "polygons": 191792,
      "boundary_edges": 0,
      "nonmanifold_edges": 0,
      "connected_components": 1,
      "min": [
        -0.8949999809265137,
        0.012804105877876282,
        1.3450735807418823
      ],
      "max": [
        -0.7049999833106995,
        0.047804106026887894,
        1.4350734949111938
      ],
      "size": [
        0.1899999976158142,
        0.03500000014901161,
        0.08999991416931152
      ]
    },
    "Foot_Right": {
      "vertices": 69428,
      "polygons": 138297,
      "boundary_edges": 0,
      "nonmanifold_edges": 0,
      "connected_components": 1,
      "min": [
        0.10894107073545456,
        -0.1899999976158142,
        0.0
      ],
      "max": [
        0.20894107222557068,
        0.07999999821186066,
        0.18000000715255737
      ],
      "size": [
        0.10000000149011612,
        0.26999999582767487,
        0.18000000715255737
      ]
    },
    "Foot_Left": {
      "vertices": 69428,
      "polygons": 138297,
      "boundary_edges": 0,
      "nonmanifold_edges": 0,
      "connected_components": 1,
      "min": [
        -0.20894107222557068,
        -0.1899999976158142,
        0.0
      ],
      "max": [
        -0.10894107073545456,
        0.07999999821186066,
        0.18000000715255737
      ],
      "size": [
        0.10000000149011612,
        0.26999999582767487,
        0.18000000715255737
      ]
    }
  },
  "artifacts": {
    "blend": {
      "path": "/run/media/vdubrov/Bulk-SSD/Just Dodge/assets/source/meshy/c0_base_fighter/assembled_001/c0_fighter_assembled.blend",
      "sha256": "ffc8786578a993b0215744ceec649fd889d5753a092d1222c396bb2ff4a4ea39",
      "bytes": 62480860
    },
    "fbx": {
      "path": "/run/media/vdubrov/Bulk-SSD/Just Dodge/assets/source/meshy/c0_base_fighter/assembled_001/model.fbx",
      "sha256": "9c4dd4a5bceb15490eac61dea62022daea4372299ea757218fa20bb18e479a35",
      "bytes": 30051132
    },
    "glb": {
      "path": "/run/media/vdubrov/Bulk-SSD/Just Dodge/assets/source/meshy/c0_base_fighter/assembled_001/model.glb",
      "sha256": "6063b8fa9382437c323bc1d8807476bda616c57aa81df202c6fbf86788be8ddc",
      "bytes": 59335004
    }
  }
}
