{
  "comment": "Maps source skeleton joint names to G1Skeleton34 indices. Add entries per source. Offsets are in meters for the G1 T-pose.",
  "g1_skeleton": {
    "joint_count": 34,
    "parents": [-1, 0, 1, 2, 3, 4, 5, 6, 0, 8, 9, 10, 11, 12, 13, 0, 15, 16, 17, 18, 19, 20, 21, 22, 23, 24, 17, 26, 27, 28, 29, 30, 31, 32],
    "offsets": [
      [0.0, 0.0, 0.0],
      [0.064452, -0.1027, 0.0],
      [0.052, -0.030465, 0.0],
      [0.0, -0.12412, 0.025001],
      [0.002149, -0.17734, -0.078273],
      [-0.000094, -0.30001, 0.0],
      [0.0, -0.017558, 0.0],
      [0.0, -0.035, 0.14],
      [-0.064452, -0.1027, 0.0],
      [-0.052, -0.030465, 0.0],
      [0.0, -0.12412, 0.025001],
      [-0.002149, -0.17734, -0.078273],
      [0.000094, -0.30001, 0.0],
      [0.0, -0.017558, 0.0],
      [0.0, -0.035, 0.14],
      [0.0, 0.0, 0.0],
      [0.0, 0.044, -0.003964],
      [0.0, 0.0, 0.0],
      [0.10022, 0.24778, 0.003956],
      [0.038, -0.013831, 0.0],
      [0.00624, -0.1032, 0.0],
      [0.0, -0.080518, 0.015783],
      [0.001888, -0.01, 0.1],
      [0.0, 0.0, 0.038],
      [0.0, 0.0, 0.046],
      [0.0, 0.0, 0.1],
      [-0.10021, 0.24778, 0.003956],
      [-0.038, -0.013831, 0.0],
      [-0.00624, -0.1032, 0.0],
      [0.0, -0.080518, 0.015783],
      [-0.001888, -0.01, 0.1],
      [0.0, 0.0, 0.038],
      [0.0, 0.0, 0.046],
      [0.0, 0.0, 0.1]
    ],
    "names": [
      "pelvis_skel",
      "left_hip_pitch_skel",
      "left_hip_roll_skel",
      "left_hip_yaw_skel",
      "left_knee_skel",
      "left_ankle_pitch_skel",
      "left_ankle_roll_skel",
      "left_toe_base",
      "right_hip_pitch_skel",
      "right_hip_roll_skel",
      "right_hip_yaw_skel",
      "right_knee_skel",
      "right_ankle_pitch_skel",
      "right_ankle_roll_skel",
      "right_toe_base",
      "waist_yaw_skel",
      "waist_roll_skel",
      "waist_pitch_skel",
      "left_shoulder_pitch_skel",
      "left_shoulder_roll_skel",
      "left_shoulder_yaw_skel",
      "left_elbow_skel",
      "left_wrist_roll_skel",
      "left_wrist_pitch_skel",
      "left_wrist_yaw_skel",
      "left_hand_roll_skel",
      "right_shoulder_pitch_skel",
      "right_shoulder_roll_skel",
      "right_shoulder_yaw_skel",
      "right_elbow_skel",
      "right_wrist_roll_skel",
      "right_wrist_pitch_skel",
      "right_wrist_yaw_skel",
      "right_hand_roll_skel"
    ]
  },
  "maps": {
    "mixamo": {
      "Hips": 0,
      "LeftUpLeg": 1,
      "LeftLeg": 4,
      "LeftFoot": 6,
      "LeftToeBase": 7,
      "RightUpLeg": 8,
      "RightLeg": 11,
      "RightFoot": 13,
      "RightToeBase": 14,
      "Spine": 15,
      "Spine1": 16,
      "Spine2": 17,
      "LeftShoulder": 18,
      "LeftArm": 20,
      "LeftForeArm": 21,
      "LeftHand": 24,
      "RightShoulder": 25,
      "RightArm": 27,
      "RightForeArm": 28,
      "RightHand": 31
    },
    "cmu": {
      "Hips": 0,
      "LeftUpLeg": 1,
      "LeftLeg": 4,
      "LeftFoot": 5,
      "LeftToeBase": 7,
      "RightUpLeg": 8,
      "RightLeg": 11,
      "RightFoot": 12,
      "RightToeBase": 14,
      "Spine": 15,
      "Spine1": 17,
      "LeftShoulder": 18,
      "LeftArm": 20,
      "LeftForeArm": 21,
      "LeftHand": 25,
      "RightShoulder": 26,
      "RightArm": 28,
      "RightForeArm": 29,
      "RightHand": 33
    }
  }
}
